date,name,num_students,new_cases_students,total_cases_students,new_cases_employee,total_cases_employee
2020-08-29,Appoquinimink School District,,0.0,66.0,0.0,45.0
2020-09-05,Appoquinimink School District,,0.0,66.0,0.0,45.0
2020-09-12,Appoquinimink School District,,0.0,66.0,0.0,45.0
2020-09-19,Appoquinimink School District,,0.0,66.0,0.0,45.0
2020-09-26,Appoquinimink School District,,0.0,66.0,0.0,45.0
2020-10-03,Appoquinimink School District,,0.0,66.0,0.0,45.0
2020-10-10,Appoquinimink School District,,0.0,66.0,0.0,45.0
2020-10-17,Appoquinimink School District,,0.0,66.0,0.0,45.0
2020-10-24,Appoquinimink School District,,0.0,66.0,0.0,45.0
2020-10-31,Appoquinimink School District,,0.0,66.0,0.0,45.0
2020-11-07,Appoquinimink School District,,0.0,66.0,0.0,45.0
2020-11-14,Appoquinimink School District,,0.0,66.0,0.0,45.0
2020-11-21,Appoquinimink School District,,0.0,66.0,0.0,45.0
2020-11-28,Appoquinimink School District,,0.0,66.0,0.0,45.0
2020-12-05,Appoquinimink School District,,0.0,66.0,0.0,45.0
2020-12-12,Appoquinimink School District,,0.0,66.0,0.0,45.0
2020-12-19,Appoquinimink School District,,0.0,66.0,0.0,45.0
2020-12-26,Appoquinimink School District,,0.0,66.0,0.0,45.0
2021-01-02,Appoquinimink School District,0.0,0.0,66.0,0.0,45.0
2021-01-09,Appoquinimink School District,7197.0,0.0,66.0,0.0,45.0
2021-01-16,Appoquinimink School District,6114.0,0.0,66.0,0.0,45.0
2021-01-23,Appoquinimink School District,6487.0,0.0,66.0,0.0,45.0
2021-01-30,Appoquinimink School District,6487.0,0.0,66.0,0.0,45.0
2021-02-06,Appoquinimink School District,6494.0,0.0,66.0,0.0,45.0
2021-02-13,Appoquinimink School District,6514.0,0.0,66.0,0.0,45.0
2021-02-20,Appoquinimink School District,6515.0,0.0,66.0,0.0,45.0
2021-02-27,Appoquinimink School District,6547.0,0.0,66.0,0.0,45.0
2021-03-06,Appoquinimink School District,6696.0,0.0,66.0,0.0,45.0
2021-03-13,Appoquinimink School District,7114.0,1.0,85.0,1.0,50.0
2021-03-20,Appoquinimink School District,7294.0,1.0,85.0,1.0,50.0
2021-03-27,Appoquinimink School District,,1.0,91.0,1.0,53.0
2021-04-03,Appoquinimink School District,0.0,1.0,93.0,0.0,53.0
2021-04-10,Appoquinimink School District,7496,1.0,103.0,0.0,53.0
2020-08-29,Brandywine School District,,0.0,42.0,0.0,76.0
2020-09-05,Brandywine School District,,0.0,42.0,0.0,76.0
2020-09-12,Brandywine School District,,0.0,42.0,0.0,76.0
2020-09-19,Brandywine School District,,0.0,42.0,0.0,76.0
2020-09-26,Brandywine School District,,0.0,42.0,0.0,76.0
2020-10-03,Brandywine School District,,0.0,42.0,0.0,76.0
2020-10-10,Brandywine School District,,0.0,42.0,0.0,76.0
2020-10-17,Brandywine School District,,0.0,42.0,0.0,76.0
2020-10-24,Brandywine School District,,0.0,42.0,0.0,76.0
2020-10-31,Brandywine School District,,0.0,42.0,0.0,76.0
2020-11-07,Brandywine School District,,0.0,42.0,0.0,76.0
2020-11-14,Brandywine School District,,0.0,42.0,0.0,76.0
2020-11-21,Brandywine School District,,0.0,42.0,0.0,76.0
2020-11-28,Brandywine School District,,0.0,42.0,0.0,76.0
2020-12-05,Brandywine School District,,0.0,42.0,11.0,76.0
2020-12-12,Brandywine School District,,0.0,42.0,0.0,76.0
2020-12-19,Brandywine School District,,0.0,42.0,0.0,76.0
2020-12-26,Brandywine School District,,0.0,42.0,0.0,76.0
2021-01-02,Brandywine School District,0.0,0.0,42.0,0.0,76.0
2021-01-09,Brandywine School District,778.0,0.0,42.0,0.0,76.0
2021-01-16,Brandywine School District,3252.0,0.0,42.0,0.0,76.0
2021-01-23,Brandywine School District,4603.0,0.0,42.0,12.0,76.0
2021-01-30,Brandywine School District,4594.0,0.0,42.0,0.0,76.0
2021-02-06,Brandywine School District,4682.0,0.0,42.0,0.0,76.0
2021-02-13,Brandywine School District,4722.0,0.0,42.0,0.0,76.0
2021-02-20,Brandywine School District,4795.0,0.0,42.0,0.0,76.0
2021-02-27,Brandywine School District,4869.0,0.0,42.0,0.0,76.0
2021-03-06,Brandywine School District,4943.0,0.0,42.0,0.0,76.0
2021-03-13,Brandywine School District,5004.0,1.0,50.0,1.0,79.0
2021-03-20,Brandywine School District,5070.0,1.0,50.0,1.0,79.0
2021-03-27,Brandywine School District,,1.0,58.0,1.0,81.0
2021-04-03,Brandywine School District,0.0,1.0,62.0,0.0,81.0
2021-04-10,Brandywine School District,5294,1.0,64.0,1.0,83.0
2020-08-29,Caesar Rodney School District,,0.0,27.0,0.0,36.0
2020-09-05,Caesar Rodney School District,,0.0,27.0,0.0,36.0
2020-09-12,Caesar Rodney School District,,0.0,27.0,0.0,36.0
2020-09-19,Caesar Rodney School District,,0.0,27.0,0.0,36.0
2020-09-26,Caesar Rodney School District,,0.0,27.0,0.0,36.0
2020-10-03,Caesar Rodney School District,,0.0,27.0,0.0,36.0
2020-10-10,Caesar Rodney School District,,0.0,27.0,0.0,36.0
2020-10-17,Caesar Rodney School District,,0.0,27.0,0.0,36.0
2020-10-24,Caesar Rodney School District,,0.0,27.0,0.0,36.0
2020-10-31,Caesar Rodney School District,,0.0,27.0,0.0,36.0
2020-11-07,Caesar Rodney School District,,0.0,27.0,0.0,36.0
2020-11-14,Caesar Rodney School District,,0.0,27.0,0.0,36.0
2020-11-21,Caesar Rodney School District,,0.0,27.0,0.0,36.0
2020-11-28,Caesar Rodney School District,,0.0,27.0,0.0,36.0
2020-12-05,Caesar Rodney School District,,0.0,27.0,0.0,36.0
2020-12-12,Caesar Rodney School District,,0.0,27.0,0.0,36.0
2020-12-19,Caesar Rodney School District,,0.0,27.0,0.0,36.0
2020-12-26,Caesar Rodney School District,,0.0,27.0,0.0,36.0
2021-01-02,Caesar Rodney School District,40.0,0.0,27.0,0.0,36.0
2021-01-09,Caesar Rodney School District,3843.0,0.0,27.0,0.0,36.0
2021-01-16,Caesar Rodney School District,3769.0,0.0,27.0,0.0,36.0
2021-01-23,Caesar Rodney School District,3905.0,0.0,27.0,0.0,36.0
2021-01-30,Caesar Rodney School District,3920.0,0.0,27.0,0.0,36.0
2021-02-06,Caesar Rodney School District,2145.0,0.0,27.0,0.0,36.0
2021-02-13,Caesar Rodney School District,2040.0,0.0,27.0,0.0,36.0
2021-02-20,Caesar Rodney School District,4049.0,0.0,27.0,0.0,36.0
2021-02-27,Caesar Rodney School District,3990.0,0.0,27.0,0.0,36.0
2021-03-06,Caesar Rodney School District,3972.0,0.0,27.0,0.0,36.0
2021-03-13,Caesar Rodney School District,4624.0,1.0,30.0,1.0,42.0
2021-03-20,Caesar Rodney School District,4598.0,1.0,30.0,1.0,42.0
2021-03-27,Caesar Rodney School District,,0.0,30.0,0.0,42.0
2021-04-03,Caesar Rodney School District,0.0,0.0,30.0,0.0,42.0
2021-04-10,Caesar Rodney School District,4684,1.0,34.0,1.0,43.0
2020-08-29,Cape Henlopen School District,,0.0,76.0,0.0,46.0
2020-09-05,Cape Henlopen School District,,0.0,76.0,0.0,46.0
2020-09-12,Cape Henlopen School District,,0.0,76.0,0.0,46.0
2020-09-19,Cape Henlopen School District,,0.0,76.0,0.0,46.0
2020-09-26,Cape Henlopen School District,,0.0,76.0,0.0,46.0
2020-10-03,Cape Henlopen School District,,0.0,76.0,0.0,46.0
2020-10-10,Cape Henlopen School District,,0.0,76.0,0.0,46.0
2020-10-17,Cape Henlopen School District,,0.0,76.0,0.0,46.0
2020-10-24,Cape Henlopen School District,,0.0,76.0,0.0,46.0
2020-10-31,Cape Henlopen School District,,0.0,76.0,0.0,46.0
2020-11-07,Cape Henlopen School District,,0.0,76.0,0.0,46.0
2020-11-14,Cape Henlopen School District,,0.0,76.0,0.0,46.0
2020-11-21,Cape Henlopen School District,,0.0,76.0,0.0,46.0
2020-11-28,Cape Henlopen School District,,0.0,76.0,0.0,46.0
2020-12-05,Cape Henlopen School District,,0.0,76.0,0.0,46.0
2020-12-12,Cape Henlopen School District,,0.0,76.0,0.0,46.0
2020-12-19,Cape Henlopen School District,,0.0,76.0,0.0,46.0
2020-12-26,Cape Henlopen School District,,0.0,76.0,0.0,46.0
2021-01-02,Cape Henlopen School District,3872.0,0.0,76.0,0.0,46.0
2021-01-09,Cape Henlopen School District,3843.0,14.0,76.0,0.0,46.0
2021-01-16,Cape Henlopen School District,3840.0,0.0,76.0,0.0,46.0
2021-01-23,Cape Henlopen School District,3893.0,0.0,76.0,0.0,46.0
2021-01-30,Cape Henlopen School District,3927.0,0.0,76.0,0.0,46.0
2021-02-06,Cape Henlopen School District,3943.0,0.0,76.0,0.0,46.0
2021-02-13,Cape Henlopen School District,3954.0,0.0,76.0,0.0,46.0
2021-02-20,Cape Henlopen School District,3961.0,0.0,76.0,0.0,46.0
2021-02-27,Cape Henlopen School District,3968.0,0.0,76.0,0.0,46.0
2021-03-06,Cape Henlopen School District,3996.0,0.0,76.0,0.0,46.0
2021-03-13,Cape Henlopen School District,4022.0,1.0,82.0,1.0,48.0
2021-03-20,Cape Henlopen School District,4038.0,1.0,82.0,0.0,48.0
2021-03-27,Cape Henlopen School District,,1.0,83.0,0.0,48.0
2021-04-03,Cape Henlopen School District,0.0,0.0,83.0,0.0,48.0
2021-04-10,Cape Henlopen School District,4149,1.0,88.0,0.0,48.0
2020-08-29,Capital School District,,0.0,20.0,0.0,28.0
2020-09-05,Capital School District,,0.0,20.0,0.0,28.0
2020-09-12,Capital School District,,0.0,20.0,0.0,28.0
2020-09-19,Capital School District,,0.0,20.0,0.0,28.0
2020-09-26,Capital School District,,0.0,20.0,0.0,28.0
2020-10-03,Capital School District,,0.0,20.0,0.0,28.0
2020-10-10,Capital School District,,0.0,20.0,0.0,28.0
2020-10-17,Capital School District,,0.0,20.0,0.0,28.0
2020-10-24,Capital School District,,0.0,20.0,0.0,28.0
2020-10-31,Capital School District,,0.0,20.0,0.0,28.0
2020-11-07,Capital School District,,0.0,20.0,0.0,28.0
2020-11-14,Capital School District,,0.0,20.0,0.0,28.0
2020-11-21,Capital School District,,0.0,20.0,0.0,28.0
2020-11-28,Capital School District,,0.0,20.0,0.0,28.0
2020-12-05,Capital School District,,0.0,20.0,0.0,28.0
2020-12-12,Capital School District,,0.0,20.0,0.0,28.0
2020-12-19,Capital School District,,0.0,20.0,0.0,28.0
2020-12-26,Capital School District,,0.0,20.0,0.0,28.0
2021-01-02,Capital School District,0.0,0.0,20.0,0.0,28.0
2021-01-09,Capital School District,2240.0,0.0,20.0,0.0,28.0
2021-01-16,Capital School District,2304.0,0.0,20.0,0.0,28.0
2021-01-23,Capital School District,2746.0,0.0,20.0,0.0,28.0
2021-01-30,Capital School District,2419.0,0.0,20.0,0.0,28.0
2021-02-06,Capital School District,2504.0,0.0,20.0,0.0,28.0
2021-02-13,Capital School District,2429.0,0.0,20.0,0.0,28.0
2021-02-20,Capital School District,2452.0,0.0,20.0,0.0,28.0
2021-02-27,Capital School District,2684.0,0.0,20.0,0.0,28.0
2021-03-06,Capital School District,2739.0,0.0,20.0,0.0,28.0
2021-03-13,Capital School District,2777.0,0.0,21.0,1.0,32.0
2021-03-20,Capital School District,2846.0,1.0,21.0,1.0,32.0
2021-03-27,Capital School District,,1.0,25.0,1.0,33.0
2021-04-03,Capital School District,0.0,0.0,25.0,0.0,33.0
2021-04-10,Capital School District,2964,1.0,28.0,0.0,33.0
2020-08-29,Charter Schools (Combined Total),,0.0,88.0,0.0,42.0
2020-09-05,Charter Schools (Combined Total),,0.0,88.0,0.0,42.0
2020-09-12,Charter Schools (Combined Total),,0.0,88.0,0.0,42.0
2020-09-19,Charter Schools (Combined Total),,0.0,88.0,0.0,42.0
2020-09-26,Charter Schools (Combined Total),,0.0,88.0,0.0,42.0
2020-10-03,Charter Schools (Combined Total),,0.0,88.0,0.0,42.0
2020-10-10,Charter Schools (Combined Total),,0.0,88.0,0.0,42.0
2020-10-17,Charter Schools (Combined Total),,0.0,88.0,0.0,42.0
2020-10-24,Charter Schools (Combined Total),,0.0,88.0,0.0,42.0
2020-10-31,Charter Schools (Combined Total),,0.0,88.0,0.0,42.0
2020-11-07,Charter Schools (Combined Total),,0.0,88.0,0.0,42.0
2020-11-14,Charter Schools (Combined Total),,0.0,88.0,0.0,42.0
2020-11-21,Charter Schools (Combined Total),,0.0,88.0,0.0,42.0
2020-11-28,Charter Schools (Combined Total),,0.0,88.0,0.0,42.0
2020-12-05,Charter Schools (Combined Total),,0.0,88.0,0.0,42.0
2020-12-12,Charter Schools (Combined Total),,0.0,88.0,0.0,42.0
2020-12-19,Charter Schools (Combined Total),,0.0,88.0,0.0,42.0
2020-12-26,Charter Schools (Combined Total),,0.0,88.0,0.0,42.0
2021-01-02,Charter Schools (Combined Total),652.0,0.0,88.0,0.0,42.0
2021-01-09,Charter Schools (Combined Total),3489.0,0.0,88.0,0.0,42.0
2021-01-16,Charter Schools (Combined Total),4050.0,0.0,88.0,0.0,42.0
2021-01-23,Charter Schools (Combined Total),5433.0,0.0,88.0,0.0,42.0
2021-01-30,Charter Schools (Combined Total),4653.0,0.0,88.0,0.0,42.0
2021-02-06,Charter Schools (Combined Total),5172.0,0.0,88.0,0.0,42.0
2021-02-13,Charter Schools (Combined Total),5145.0,0.0,88.0,0.0,42.0
2021-02-20,Charter Schools (Combined Total),6644.0,0.0,88.0,0.0,42.0
2021-02-27,Charter Schools (Combined Total),7140.0,0.0,88.0,0.0,42.0
2021-03-06,Charter Schools (Combined Total),7347.0,0.0,88.0,0.0,42.0
2021-03-13,Charter Schools (Combined Total),7995.0,1.0,101.0,1.0,48.0
2021-03-20,Charter Schools (Combined Total),7844.0,1.0,101.0,1.0,48.0
2021-03-27,Charter Schools (Combined Total),,1.0,111.0,1.0,52.0
2021-04-03,Charter Schools (Combined Total),420.0,0.0,111.0,0.0,52.0
2021-04-10,Charter Schools (Combined Total),6887,1.0,121.0,0.0,52.0
2020-08-29,Christina School District,,0.0,60.0,0.0,78.0
2020-09-05,Christina School District,,0.0,60.0,0.0,78.0
2020-09-12,Christina School District,,0.0,60.0,0.0,78.0
2020-09-19,Christina School District,,0.0,60.0,0.0,78.0
2020-09-26,Christina School District,,0.0,60.0,0.0,78.0
2020-10-03,Christina School District,,0.0,60.0,0.0,78.0
2020-10-10,Christina School District,,0.0,60.0,0.0,78.0
2020-10-17,Christina School District,,0.0,60.0,0.0,78.0
2020-10-24,Christina School District,,0.0,60.0,0.0,78.0
2020-10-31,Christina School District,,0.0,60.0,0.0,78.0
2020-11-07,Christina School District,,0.0,60.0,0.0,78.0
2020-11-14,Christina School District,,0.0,60.0,0.0,78.0
2020-11-21,Christina School District,,0.0,60.0,0.0,78.0
2020-11-28,Christina School District,,0.0,60.0,0.0,78.0
2020-12-05,Christina School District,,0.0,60.0,0.0,78.0
2020-12-12,Christina School District,,0.0,60.0,0.0,78.0
2020-12-19,Christina School District,,0.0,60.0,0.0,78.0
2020-12-26,Christina School District,,0.0,60.0,0.0,78.0
2021-01-02,Christina School District,0.0,0.0,60.0,0.0,78.0
2021-01-09,Christina School District,8185.0,0.0,60.0,0.0,78.0
2021-01-16,Christina School District,7564.0,15.0,60.0,11.0,78.0
2021-01-23,Christina School District,8010.0,0.0,60.0,0.0,78.0
2021-01-30,Christina School District,7555.0,0.0,60.0,0.0,78.0
2021-02-06,Christina School District,7565.0,0.0,60.0,0.0,78.0
2021-02-13,Christina School District,3958.0,0.0,60.0,0.0,78.0
2021-02-20,Christina School District,8072.0,0.0,60.0,0.0,78.0
2021-02-27,Christina School District,8326.0,0.0,60.0,0.0,78.0
2021-03-06,Christina School District,8368.0,0.0,60.0,0.0,78.0
2021-03-13,Christina School District,8123.0,1.0,71.0,1.0,84.0
2021-03-20,Christina School District,4348.0,1.0,71.0,1.0,84.0
2021-03-27,Christina School District,,1.0,74.0,1.0,91.0
2021-04-03,Christina School District,0.0,1.0,76.0,0.0,91.0
2021-04-10,Christina School District,7873,1.0,78.0,0.0,91.0
2020-08-29,Colonial School District,,0.0,24.0,0.0,45.0
2020-09-05,Colonial School District,,0.0,24.0,0.0,45.0
2020-09-12,Colonial School District,,0.0,24.0,0.0,45.0
2020-09-19,Colonial School District,,0.0,24.0,0.0,45.0
2020-09-26,Colonial School District,,0.0,24.0,0.0,45.0
2020-10-03,Colonial School District,,0.0,24.0,0.0,45.0
2020-10-10,Colonial School District,,0.0,24.0,0.0,45.0
2020-10-17,Colonial School District,,0.0,24.0,0.0,45.0
2020-10-24,Colonial School District,,0.0,24.0,0.0,45.0
2020-10-31,Colonial School District,,0.0,24.0,0.0,45.0
2020-11-07,Colonial School District,,0.0,24.0,0.0,45.0
2020-11-14,Colonial School District,,0.0,24.0,0.0,45.0
2020-11-21,Colonial School District,,0.0,24.0,0.0,45.0
2020-11-28,Colonial School District,,0.0,24.0,0.0,45.0
2020-12-05,Colonial School District,,0.0,24.0,0.0,45.0
2020-12-12,Colonial School District,,0.0,24.0,0.0,45.0
2020-12-19,Colonial School District,,0.0,24.0,0.0,45.0
2020-12-26,Colonial School District,,0.0,24.0,0.0,45.0
2021-01-02,Colonial School District,0.0,0.0,24.0,0.0,45.0
2021-01-09,Colonial School District,0.0,0.0,24.0,0.0,45.0
2021-01-16,Colonial School District,278.0,0.0,24.0,0.0,45.0
2021-01-23,Colonial School District,2169.0,0.0,24.0,0.0,45.0
2021-01-30,Colonial School District,3034.0,0.0,24.0,0.0,45.0
2021-02-06,Colonial School District,3835.0,0.0,24.0,0.0,45.0
2021-02-13,Colonial School District,3769.0,0.0,24.0,0.0,45.0
2021-02-20,Colonial School District,3849.0,0.0,24.0,0.0,45.0
2021-02-27,Colonial School District,3839.0,0.0,24.0,0.0,45.0
2021-03-06,Colonial School District,3875.0,0.0,24.0,0.0,45.0
2021-03-13,Colonial School District,3783.0,1.0,35.0,0.0,47.0
2021-03-20,Colonial School District,3865.0,1.0,35.0,1.0,47.0
2021-03-27,Colonial School District,,1.0,43.0,1.0,48.0
2021-04-03,Colonial School District,0.0,0.0,43.0,0.0,48.0
2021-04-10,Colonial School District,3813,1.0,53.0,1.0,49.0
2020-08-29,Delmar School District,,0.0,0.0,0.0,0.0
2020-09-05,Delmar School District,,0.0,0.0,0.0,0.0
2020-09-12,Delmar School District,,0.0,0.0,0.0,0.0
2020-09-19,Delmar School District,,0.0,0.0,0.0,0.0
2020-09-26,Delmar School District,,0.0,0.0,0.0,0.0
2020-10-03,Delmar School District,,0.0,0.0,0.0,0.0
2020-10-10,Delmar School District,,0.0,0.0,0.0,0.0
2020-10-17,Delmar School District,,0.0,0.0,0.0,0.0
2020-10-24,Delmar School District,,0.0,0.0,0.0,0.0
2020-10-31,Delmar School District,,0.0,0.0,0.0,0.0
2020-11-07,Delmar School District,,0.0,0.0,0.0,0.0
2020-11-14,Delmar School District,,0.0,0.0,0.0,0.0
2020-11-21,Delmar School District,,0.0,0.0,0.0,0.0
2020-11-28,Delmar School District,,0.0,0.0,0.0,0.0
2020-12-05,Delmar School District,,0.0,0.0,0.0,0.0
2020-12-12,Delmar School District,,0.0,0.0,0.0,0.0
2020-12-19,Delmar School District,,0.0,0.0,0.0,0.0
2020-12-26,Delmar School District,,0.0,0.0,0.0,0.0
2021-01-02,Delmar School District,0.0,0.0,0.0,0.0,0.0
2021-01-09,Delmar School District,450.0,0.0,0.0,0.0,0.0
2021-01-16,Delmar School District,399.0,0.0,0.0,0.0,0.0
2021-01-23,Delmar School District,198.0,0.0,0.0,0.0,0.0
2021-01-30,Delmar School District,260.0,0.0,0.0,0.0,0.0
2021-02-06,Delmar School District,489.0,0.0,0.0,0.0,0.0
2021-02-13,Delmar School District,416.0,0.0,0.0,0.0,0.0
2021-02-20,Delmar School District,502.0,0.0,0.0,0.0,0.0
2021-02-27,Delmar School District,514.0,0.0,0.0,0.0,0.0
2021-03-06,Delmar School District,537.0,0.0,0.0,0.0,0.0
2021-03-13,Delmar School District,481.0,0.0,1.0,0.0,1.0
2021-03-20,Delmar School District,550.0,0.0,1.0,0.0,1.0
2021-03-27,Delmar School District,,0.0,1.0,0.0,1.0
2021-04-03,Delmar School District,0.0,0.0,1.0,0.0,1.0
2021-04-10,Delmar School District,533,0.0,1.0,0.0,1.0
2020-08-29,Indian River School District,,0.0,101.0,0.0,84.0
2020-09-05,Indian River School District,,0.0,101.0,0.0,84.0
2020-09-12,Indian River School District,,0.0,101.0,0.0,84.0
2020-09-19,Indian River School District,,0.0,101.0,0.0,84.0
2020-09-26,Indian River School District,,0.0,101.0,0.0,84.0
2020-10-03,Indian River School District,,0.0,101.0,0.0,84.0
2020-10-10,Indian River School District,,0.0,101.0,0.0,84.0
2020-10-17,Indian River School District,,0.0,101.0,0.0,84.0
2020-10-24,Indian River School District,,0.0,101.0,0.0,84.0
2020-10-31,Indian River School District,,0.0,101.0,0.0,84.0
2020-11-07,Indian River School District,,0.0,101.0,0.0,84.0
2020-11-14,Indian River School District,,0.0,101.0,0.0,84.0
2020-11-21,Indian River School District,,0.0,101.0,0.0,84.0
2020-11-28,Indian River School District,,0.0,101.0,0.0,84.0
2020-12-05,Indian River School District,,21.0,101.0,11.0,84.0
2020-12-12,Indian River School District,,14.0,101.0,12.0,84.0
2020-12-19,Indian River School District,,0.0,101.0,0.0,84.0
2020-12-26,Indian River School District,,0.0,101.0,0.0,84.0
2021-01-02,Indian River School District,0.0,0.0,101.0,0.0,84.0
2021-01-09,Indian River School District,7353.0,0.0,101.0,0.0,84.0
2021-01-16,Indian River School District,7337.0,0.0,101.0,0.0,84.0
2021-01-23,Indian River School District,7355.0,0.0,101.0,13.0,84.0
2021-01-30,Indian River School District,7413.0,0.0,101.0,0.0,84.0
2021-02-06,Indian River School District,7442.0,0.0,101.0,0.0,84.0
2021-02-13,Indian River School District,7479.0,0.0,101.0,0.0,84.0
2021-02-20,Indian River School District,7489.0,0.0,101.0,0.0,84.0
2021-02-27,Indian River School District,7531.0,0.0,101.0,0.0,84.0
2021-03-06,Indian River School District,7552.0,0.0,101.0,0.0,84.0
2021-03-13,Indian River School District,7603.0,1.0,105.0,0.0,84.0
2021-03-20,Indian River School District,7601.0,1.0,105.0,0.0,84.0
2021-03-27,Indian River School District,,1.0,112.0,1.0,85.0
2021-04-03,Indian River School District,0.0,0.0,112.0,0.0,85.0
2021-04-10,Indian River School District,7795,1.0,113.0,1.0,86.0
2020-08-29,Lake Forest School District,,0.0,16.0,0.0,17.0
2020-09-05,Lake Forest School District,,0.0,16.0,0.0,17.0
2020-09-12,Lake Forest School District,,0.0,16.0,0.0,17.0
2020-09-19,Lake Forest School District,,0.0,16.0,0.0,17.0
2020-09-26,Lake Forest School District,,0.0,16.0,0.0,17.0
2020-10-03,Lake Forest School District,,0.0,16.0,0.0,17.0
2020-10-10,Lake Forest School District,,0.0,16.0,0.0,17.0
2020-10-17,Lake Forest School District,,0.0,16.0,0.0,17.0
2020-10-24,Lake Forest School District,,0.0,16.0,0.0,17.0
2020-10-31,Lake Forest School District,,0.0,16.0,0.0,17.0
2020-11-07,Lake Forest School District,,0.0,16.0,0.0,17.0
2020-11-14,Lake Forest School District,,0.0,16.0,0.0,17.0
2020-11-21,Lake Forest School District,,0.0,16.0,0.0,17.0
2020-11-28,Lake Forest School District,,0.0,16.0,0.0,17.0
2020-12-05,Lake Forest School District,,0.0,16.0,0.0,17.0
2020-12-12,Lake Forest School District,,0.0,16.0,0.0,17.0
2020-12-19,Lake Forest School District,,0.0,16.0,0.0,17.0
2020-12-26,Lake Forest School District,,0.0,16.0,0.0,17.0
2021-01-02,Lake Forest School District,0.0,0.0,16.0,0.0,17.0
2021-01-09,Lake Forest School District,988.0,0.0,16.0,0.0,17.0
2021-01-16,Lake Forest School District,943.0,0.0,16.0,0.0,17.0
2021-01-23,Lake Forest School District,926.0,0.0,16.0,0.0,17.0
2021-01-30,Lake Forest School District,867.0,0.0,16.0,0.0,17.0
2021-02-06,Lake Forest School District,907.0,0.0,16.0,0.0,17.0
2021-02-13,Lake Forest School District,880.0,0.0,16.0,0.0,17.0
2021-02-20,Lake Forest School District,939.0,0.0,16.0,0.0,17.0
2021-02-27,Lake Forest School District,919.0,0.0,16.0,0.0,17.0
2021-03-06,Lake Forest School District,967.0,0.0,16.0,0.0,17.0
2021-03-13,Lake Forest School District,995.0,0.0,16.0,0.0,18.0
2021-03-20,Lake Forest School District,977.0,0.0,16.0,1.0,18.0
2021-03-27,Lake Forest School District,,1.0,18.0,1.0,20.0
2021-04-03,Lake Forest School District,0.0,1.0,20.0,0.0,20.0
2021-04-10,Lake Forest School District,955,0.0,20.0,1.0,21.0
2020-08-29,Laurel School District,,0.0,13.0,0.0,14.0
2020-09-05,Laurel School District,,0.0,13.0,0.0,14.0
2020-09-12,Laurel School District,,0.0,13.0,0.0,14.0
2020-09-19,Laurel School District,,0.0,13.0,0.0,14.0
2020-09-26,Laurel School District,,0.0,13.0,0.0,14.0
2020-10-03,Laurel School District,,0.0,13.0,0.0,14.0
2020-10-10,Laurel School District,,0.0,13.0,0.0,14.0
2020-10-17,Laurel School District,,0.0,13.0,0.0,14.0
2020-10-24,Laurel School District,,0.0,13.0,0.0,14.0
2020-10-31,Laurel School District,,0.0,13.0,0.0,14.0
2020-11-07,Laurel School District,,0.0,13.0,0.0,14.0
2020-11-14,Laurel School District,,0.0,13.0,0.0,14.0
2020-11-21,Laurel School District,,0.0,13.0,0.0,14.0
2020-11-28,Laurel School District,,0.0,13.0,0.0,14.0
2020-12-05,Laurel School District,,0.0,13.0,0.0,14.0
2020-12-12,Laurel School District,,0.0,13.0,0.0,14.0
2020-12-19,Laurel School District,,0.0,13.0,0.0,14.0
2020-12-26,Laurel School District,,0.0,13.0,0.0,14.0
2021-01-02,Laurel School District,0.0,0.0,13.0,0.0,14.0
2021-01-09,Laurel School District,109.0,0.0,13.0,0.0,14.0
2021-01-16,Laurel School District,645.0,0.0,13.0,0.0,14.0
2021-01-23,Laurel School District,1143.0,0.0,13.0,0.0,14.0
2021-01-30,Laurel School District,732.0,0.0,13.0,0.0,14.0
2021-02-06,Laurel School District,1454.0,0.0,13.0,0.0,14.0
2021-02-13,Laurel School District,1591.0,0.0,13.0,0.0,14.0
2021-02-20,Laurel School District,1472.0,0.0,13.0,0.0,14.0
2021-02-27,Laurel School District,1475.0,0.0,13.0,0.0,14.0
2021-03-06,Laurel School District,1607.0,0.0,13.0,0.0,14.0
2021-03-13,Laurel School District,1446.0,1.0,14.0,0.0,14.0
2021-03-20,Laurel School District,1529.0,0.0,14.0,0.0,14.0
2021-03-27,Laurel School District,,0.0,14.0,1.0,15.0
2021-04-03,Laurel School District,0.0,0.0,14.0,0.0,15.0
2021-04-10,Laurel School District,1293,0.0,14.0,1.0,16.0
2020-08-29,Milford School District,,0.0,23.0,0.0,32.0
2020-09-05,Milford School District,,0.0,23.0,0.0,32.0
2020-09-12,Milford School District,,0.0,23.0,0.0,32.0
2020-09-19,Milford School District,,0.0,23.0,0.0,32.0
2020-09-26,Milford School District,,0.0,23.0,0.0,32.0
2020-10-03,Milford School District,,0.0,23.0,0.0,32.0
2020-10-10,Milford School District,,0.0,23.0,0.0,32.0
2020-10-17,Milford School District,,0.0,23.0,0.0,32.0
2020-10-24,Milford School District,,0.0,23.0,0.0,32.0
2020-10-31,Milford School District,,0.0,23.0,0.0,32.0
2020-11-07,Milford School District,,0.0,23.0,0.0,32.0
2020-11-14,Milford School District,,0.0,23.0,0.0,32.0
2020-11-21,Milford School District,,0.0,23.0,0.0,32.0
2020-11-28,Milford School District,,0.0,23.0,0.0,32.0
2020-12-05,Milford School District,,0.0,23.0,0.0,32.0
2020-12-12,Milford School District,,0.0,23.0,0.0,32.0
2020-12-19,Milford School District,,0.0,23.0,0.0,32.0
2020-12-26,Milford School District,,0.0,23.0,0.0,32.0
2021-01-02,Milford School District,0.0,0.0,23.0,0.0,32.0
2021-01-09,Milford School District,2597.0,0.0,23.0,0.0,32.0
2021-01-16,Milford School District,2598.0,0.0,23.0,0.0,32.0
2021-01-23,Milford School District,2589.0,0.0,23.0,0.0,32.0
2021-01-30,Milford School District,2644.0,0.0,23.0,0.0,32.0
2021-02-06,Milford School District,2655.0,0.0,23.0,0.0,32.0
2021-02-13,Milford School District,2644.0,0.0,23.0,0.0,32.0
2021-02-20,Milford School District,2648.0,0.0,23.0,0.0,32.0
2021-02-27,Milford School District,2677.0,0.0,23.0,0.0,32.0
2021-03-06,Milford School District,2680.0,0.0,23.0,0.0,32.0
2021-03-13,Milford School District,2685.0,0.0,24.0,0.0,33.0
2021-03-20,Milford School District,2696.0,1.0,24.0,1.0,33.0
2021-03-27,Milford School District,,1.0,27.0,1.0,34.0
2021-04-03,Milford School District,0.0,1.0,28.0,0.0,34.0
2021-04-10,Milford School District,2792,1.0,33.0,0.0,34.0
2020-08-29,New Castle County Vocational-Technical School District,,0.0,25.0,0.0,19.0
2020-09-05,New Castle County Vocational-Technical School District,,0.0,25.0,0.0,19.0
2020-09-12,New Castle County Vocational-Technical School District,,0.0,25.0,0.0,19.0
2020-09-19,New Castle County Vocational-Technical School District,,0.0,25.0,0.0,19.0
2020-09-26,New Castle County Vocational-Technical School District,,0.0,25.0,0.0,19.0
2020-10-03,New Castle County Vocational-Technical School District,,0.0,25.0,0.0,19.0
2020-10-10,New Castle County Vocational-Technical School District,,0.0,25.0,0.0,19.0
2020-10-17,New Castle County Vocational-Technical School District,,0.0,25.0,0.0,19.0
2020-10-24,New Castle County Vocational-Technical School District,,0.0,25.0,0.0,19.0
2020-10-31,New Castle County Vocational-Technical School District,,0.0,25.0,0.0,19.0
2020-11-07,New Castle County Vocational-Technical School District,,0.0,25.0,0.0,19.0
2020-11-14,New Castle County Vocational-Technical School District,,0.0,25.0,0.0,19.0
2020-11-21,New Castle County Vocational-Technical School District,,0.0,25.0,0.0,19.0
2020-11-28,New Castle County Vocational-Technical School District,,0.0,25.0,0.0,19.0
2020-12-05,New Castle County Vocational-Technical School District,,0.0,25.0,0.0,19.0
2020-12-12,New Castle County Vocational-Technical School District,,0.0,25.0,0.0,19.0
2020-12-19,New Castle County Vocational-Technical School District,,0.0,25.0,0.0,19.0
2020-12-26,New Castle County Vocational-Technical School District,,0.0,25.0,0.0,19.0
2021-01-02,New Castle County Vocational-Technical School District,0.0,0.0,25.0,0.0,19.0
2021-01-09,New Castle County Vocational-Technical School District,0.0,0.0,25.0,0.0,19.0
2021-01-16,New Castle County Vocational-Technical School District,0.0,0.0,25.0,0.0,19.0
2021-01-23,New Castle County Vocational-Technical School District,1517.0,0.0,25.0,0.0,19.0
2021-01-30,New Castle County Vocational-Technical School District,1996.0,0.0,25.0,0.0,19.0
2021-02-06,New Castle County Vocational-Technical School District,1457.0,0.0,25.0,0.0,19.0
2021-02-13,New Castle County Vocational-Technical School District,1455.0,0.0,25.0,0.0,19.0
2021-02-20,New Castle County Vocational-Technical School District,2727.0,0.0,25.0,0.0,19.0
2021-02-27,New Castle County Vocational-Technical School District,2361.0,0.0,25.0,0.0,19.0
2021-03-06,New Castle County Vocational-Technical School District,2345.0,0.0,25.0,0.0,19.0
2021-03-13,New Castle County Vocational-Technical School District,2367.0,1.0,30.0,1.0,21.0
2021-03-20,New Castle County Vocational-Technical School District,2484.0,1.0,30.0,1.0,21.0
2021-03-27,New Castle County Vocational-Technical School District,,1.0,33.0,1.0,22.0
2021-04-03,New Castle County Vocational-Technical School District,0.0,1.0,35.0,0.0,22.0
2021-04-10,New Castle County Vocational-Technical School District,2478,1.0,36.0,1.0,23.0
2020-08-29,POLYTECH School District,,0.0,16.0,0.0,0.0
2020-09-05,POLYTECH School District,,0.0,16.0,0.0,0.0
2020-09-12,POLYTECH School District,,0.0,16.0,0.0,0.0
2020-09-19,POLYTECH School District,,0.0,16.0,0.0,0.0
2020-09-26,POLYTECH School District,,0.0,16.0,0.0,0.0
2020-10-03,POLYTECH School District,,0.0,16.0,0.0,0.0
2020-10-10,POLYTECH School District,,0.0,16.0,0.0,0.0
2020-10-17,POLYTECH School District,,0.0,16.0,0.0,0.0
2020-10-24,POLYTECH School District,,0.0,16.0,0.0,0.0
2020-10-31,POLYTECH School District,,0.0,16.0,0.0,0.0
2020-11-07,POLYTECH School District,,0.0,16.0,0.0,0.0
2020-11-14,POLYTECH School District,,0.0,16.0,0.0,0.0
2020-11-21,POLYTECH School District,,0.0,16.0,0.0,0.0
2020-11-28,POLYTECH School District,,0.0,16.0,0.0,0.0
2020-12-05,POLYTECH School District,,0.0,16.0,0.0,0.0
2020-12-12,POLYTECH School District,,0.0,16.0,0.0,0.0
2020-12-19,POLYTECH School District,,0.0,16.0,0.0,0.0
2020-12-26,POLYTECH School District,,0.0,16.0,0.0,0.0
2021-01-02,POLYTECH School District,0.0,0.0,16.0,0.0,0.0
2021-01-09,POLYTECH School District,528.0,0.0,16.0,0.0,0.0
2021-01-16,POLYTECH School District,328.0,0.0,16.0,0.0,0.0
2021-01-23,POLYTECH School District,400.0,0.0,16.0,0.0,0.0
2021-01-30,POLYTECH School District,311.0,0.0,16.0,0.0,0.0
2021-02-06,POLYTECH School District,175.0,0.0,16.0,0.0,0.0
2021-02-13,POLYTECH School District,173.0,0.0,16.0,0.0,0.0
2021-02-20,POLYTECH School District,549.0,0.0,16.0,0.0,0.0
2021-02-27,POLYTECH School District,599.0,0.0,16.0,0.0,0.0
2021-03-06,POLYTECH School District,589.0,0.0,16.0,0.0,0.0
2021-03-13,POLYTECH School District,565.0,1.0,17.0,0.0,1.0
2021-03-20,POLYTECH School District,558.0,0.0,17.0,0.0,1.0
2021-03-27,POLYTECH School District,,0.0,17.0,0.0,1.0
2021-04-03,POLYTECH School District,0.0,0.0,17.0,0.0,1.0
2021-04-10,POLYTECH School District,594,0.0,17.0,0.0,1.0
2020-08-29,Private Schools (Combined Total),,0.0,303.0,0.0,108.0
2020-09-05,Private Schools (Combined Total),,0.0,303.0,0.0,108.0
2020-09-12,Private Schools (Combined Total),,0.0,303.0,0.0,108.0
2020-09-19,Private Schools (Combined Total),,0.0,303.0,0.0,108.0
2020-09-26,Private Schools (Combined Total),,0.0,303.0,0.0,108.0
2020-10-03,Private Schools (Combined Total),,0.0,303.0,0.0,108.0
2020-10-10,Private Schools (Combined Total),,0.0,303.0,0.0,108.0
2020-10-17,Private Schools (Combined Total),,0.0,303.0,0.0,108.0
2020-10-24,Private Schools (Combined Total),,0.0,303.0,0.0,108.0
2020-10-31,Private Schools (Combined Total),,16.0,303.0,0.0,108.0
2020-11-07,Private Schools (Combined Total),,17.0,303.0,0.0,108.0
2020-11-14,Private Schools (Combined Total),,20.0,303.0,0.0,108.0
2020-11-21,Private Schools (Combined Total),,0.0,303.0,0.0,108.0
2020-11-28,Private Schools (Combined Total),,13.0,303.0,0.0,108.0
2020-12-05,Private Schools (Combined Total),,0.0,303.0,11.0,108.0
2020-12-12,Private Schools (Combined Total),,26.0,303.0,11.0,108.0
2020-12-19,Private Schools (Combined Total),,0.0,303.0,0.0,108.0
2020-12-26,Private Schools (Combined Total),,11.0,303.0,0.0,108.0
2021-01-02,Private Schools (Combined Total),,0.0,303.0,0.0,108.0
2021-01-09,Private Schools (Combined Total),,0.0,303.0,0.0,108.0
2021-01-16,Private Schools (Combined Total),13603.0,11.0,303.0,0.0,108.0
2021-01-23,Private Schools (Combined Total),12790.0,13.0,303.0,0.0,108.0
2021-01-30,Private Schools (Combined Total),10028.0,17.0,303.0,0.0,108.0
2021-02-06,Private Schools (Combined Total),10143.0,22.0,303.0,0.0,108.0
2021-02-13,Private Schools (Combined Total),10048.0,0.0,303.0,0.0,108.0
2021-02-20,Private Schools (Combined Total),10651.0,20.0,303.0,0.0,108.0
2021-02-27,Private Schools (Combined Total),10735.0,12.0,303.0,0.0,108.0
2021-03-06,Private Schools (Combined Total),10968.0,20.0,303.0,0.0,108.0
2021-03-13,Private Schools (Combined Total),8958.0,16.0,336.0,1.0,109.0
2021-03-20,Private Schools (Combined Total),8649.0,17.0,336.0,0.0,109.0
2021-03-27,Private Schools (Combined Total),,1.0,346.0,1.0,110.0
2021-04-03,Private Schools (Combined Total),4217.0,19.0,365.0,1.0,115.0
2021-04-10,Private Schools (Combined Total),10956,36.0,401.0,1.0,117.0
2020-08-29,Red Clay Consolidated School District,,0.0,88.0,0.0,112.0
2020-09-05,Red Clay Consolidated School District,,0.0,88.0,0.0,112.0
2020-09-12,Red Clay Consolidated School District,,0.0,88.0,0.0,112.0
2020-09-19,Red Clay Consolidated School District,,0.0,88.0,0.0,112.0
2020-09-26,Red Clay Consolidated School District,,0.0,88.0,0.0,112.0
2020-10-03,Red Clay Consolidated School District,,0.0,88.0,0.0,112.0
2020-10-10,Red Clay Consolidated School District,,0.0,88.0,0.0,112.0
2020-10-17,Red Clay Consolidated School District,,0.0,88.0,0.0,112.0
2020-10-24,Red Clay Consolidated School District,,0.0,88.0,0.0,112.0
2020-10-31,Red Clay Consolidated School District,,0.0,88.0,0.0,112.0
2020-11-07,Red Clay Consolidated School District,,0.0,88.0,0.0,112.0
2020-11-14,Red Clay Consolidated School District,,0.0,88.0,0.0,112.0
2020-11-21,Red Clay Consolidated School District,,0.0,88.0,0.0,112.0
2020-11-28,Red Clay Consolidated School District,,0.0,88.0,0.0,112.0
2020-12-05,Red Clay Consolidated School District,,0.0,88.0,0.0,112.0
2020-12-12,Red Clay Consolidated School District,,0.0,88.0,0.0,112.0
2020-12-19,Red Clay Consolidated School District,,0.0,88.0,0.0,112.0
2020-12-26,Red Clay Consolidated School District,,0.0,88.0,0.0,112.0
2021-01-02,Red Clay Consolidated School District,0.0,0.0,88.0,0.0,112.0
2021-01-09,Red Clay Consolidated School District,8497.0,0.0,88.0,0.0,112.0
2021-01-16,Red Clay Consolidated School District,8417.0,0.0,88.0,0.0,112.0
2021-01-23,Red Clay Consolidated School District,8331.0,0.0,88.0,0.0,112.0
2021-01-30,Red Clay Consolidated School District,8327.0,0.0,88.0,0.0,112.0
2021-02-06,Red Clay Consolidated School District,8318.0,0.0,88.0,0.0,112.0
2021-02-13,Red Clay Consolidated School District,8377.0,0.0,88.0,0.0,112.0
2021-02-20,Red Clay Consolidated School District,8393.0,0.0,88.0,0.0,112.0
2021-02-27,Red Clay Consolidated School District,8321.0,0.0,88.0,0.0,112.0
2021-03-06,Red Clay Consolidated School District,8461.0,0.0,88.0,0.0,112.0
2021-03-13,Red Clay Consolidated School District,8499.0,1.0,101.0,1.0,116.0
2021-03-20,Red Clay Consolidated School District,8516.0,1.0,101.0,1.0,116.0
2021-03-27,Red Clay Consolidated School District,,1.0,103.0,1.0,119.0
2021-04-03,Red Clay Consolidated School District,0.0,0.0,103.0,0.0,119.0
2021-04-10,Red Clay Consolidated School District,8722,1.0,105.0,1.0,125.0
2020-08-29,Seaford School District,,0.0,18.0,0.0,25.0
2020-09-05,Seaford School District,,0.0,18.0,0.0,25.0
2020-09-12,Seaford School District,,0.0,18.0,0.0,25.0
2020-09-19,Seaford School District,,0.0,18.0,0.0,25.0
2020-09-26,Seaford School District,,0.0,18.0,0.0,25.0
2020-10-03,Seaford School District,,0.0,18.0,0.0,25.0
2020-10-10,Seaford School District,,0.0,18.0,0.0,25.0
2020-10-17,Seaford School District,,0.0,18.0,0.0,25.0
2020-10-24,Seaford School District,,0.0,18.0,0.0,25.0
2020-10-31,Seaford School District,,0.0,18.0,0.0,25.0
2020-11-07,Seaford School District,,0.0,18.0,0.0,25.0
2020-11-14,Seaford School District,,0.0,18.0,0.0,25.0
2020-11-21,Seaford School District,,0.0,18.0,0.0,25.0
2020-11-28,Seaford School District,,0.0,18.0,0.0,25.0
2020-12-05,Seaford School District,,0.0,18.0,0.0,25.0
2020-12-12,Seaford School District,,0.0,18.0,0.0,25.0
2020-12-19,Seaford School District,,0.0,18.0,0.0,25.0
2020-12-26,Seaford School District,,0.0,18.0,0.0,25.0
2021-01-02,Seaford School District,0.0,0.0,18.0,0.0,25.0
2021-01-09,Seaford School District,1049.0,0.0,18.0,0.0,25.0
2021-01-16,Seaford School District,1902.0,0.0,18.0,0.0,25.0
2021-01-23,Seaford School District,1250.0,0.0,18.0,0.0,25.0
2021-01-30,Seaford School District,1323.0,0.0,18.0,0.0,25.0
2021-02-06,Seaford School District,2697.0,0.0,18.0,0.0,25.0
2021-02-13,Seaford School District,2749.0,0.0,18.0,0.0,25.0
2021-02-20,Seaford School District,2821.0,0.0,18.0,0.0,25.0
2021-02-27,Seaford School District,2971.0,0.0,18.0,0.0,25.0
2021-03-06,Seaford School District,3161.0,0.0,18.0,0.0,25.0
2021-03-13,Seaford School District,3270.0,0.0,18.0,1.0,27.0
2021-03-20,Seaford School District,2243.0,0.0,18.0,1.0,27.0
2021-03-27,Seaford School District,,1.0,21.0,0.0,27.0
2021-04-03,Seaford School District,0.0,0.0,21.0,1.0,28.0
2021-04-10,Seaford School District,2332,0.0,21.0,1.0,29.0
2020-08-29,Smyrna School District,,0.0,33.0,0.0,24.0
2020-09-05,Smyrna School District,,0.0,33.0,0.0,24.0
2020-09-12,Smyrna School District,,0.0,33.0,0.0,24.0
2020-09-19,Smyrna School District,,0.0,33.0,0.0,24.0
2020-09-26,Smyrna School District,,0.0,33.0,0.0,24.0
2020-10-03,Smyrna School District,,0.0,33.0,0.0,24.0
2020-10-10,Smyrna School District,,0.0,33.0,0.0,24.0
2020-10-17,Smyrna School District,,0.0,33.0,0.0,24.0
2020-10-24,Smyrna School District,,0.0,33.0,0.0,24.0
2020-10-31,Smyrna School District,,0.0,33.0,0.0,24.0
2020-11-07,Smyrna School District,,0.0,33.0,0.0,24.0
2020-11-14,Smyrna School District,,0.0,33.0,0.0,24.0
2020-11-21,Smyrna School District,,0.0,33.0,0.0,24.0
2020-11-28,Smyrna School District,,0.0,33.0,0.0,24.0
2020-12-05,Smyrna School District,,0.0,33.0,0.0,24.0
2020-12-12,Smyrna School District,,0.0,33.0,0.0,24.0
2020-12-19,Smyrna School District,,0.0,33.0,0.0,24.0
2020-12-26,Smyrna School District,,0.0,33.0,0.0,24.0
2021-01-02,Smyrna School District,0.0,0.0,33.0,0.0,24.0
2021-01-09,Smyrna School District,3571.0,0.0,33.0,0.0,24.0
2021-01-16,Smyrna School District,3520.0,0.0,33.0,0.0,24.0
2021-01-23,Smyrna School District,3563.0,0.0,33.0,0.0,24.0
2021-01-30,Smyrna School District,3673.0,0.0,33.0,0.0,24.0
2021-02-06,Smyrna School District,3648.0,0.0,33.0,0.0,24.0
2021-02-13,Smyrna School District,3585.0,0.0,33.0,0.0,24.0
2021-02-20,Smyrna School District,5878.0,0.0,33.0,0.0,24.0
2021-02-27,Smyrna School District,3773.0,0.0,33.0,0.0,24.0
2021-03-06,Smyrna School District,3738.0,0.0,33.0,0.0,24.0
2021-03-13,Smyrna School District,3748.0,0.0,38.0,0.0,25.0
2021-03-20,Smyrna School District,3663.0,1.0,38.0,1.0,25.0
2021-03-27,Smyrna School District,,1.0,40.0,0.0,25.0
2021-04-03,Smyrna School District,0.0,1.0,41.0,0.0,25.0
2021-04-10,Smyrna School District,3787,1.0,42.0,1.0,28.0
2020-08-29,Sussex Technical School District,,0.0,0.0,0.0,0.0
2020-09-05,Sussex Technical School District,,0.0,0.0,0.0,0.0
2020-09-12,Sussex Technical School District,,0.0,0.0,0.0,0.0
2020-09-19,Sussex Technical School District,,0.0,0.0,0.0,0.0
2020-09-26,Sussex Technical School District,,0.0,0.0,0.0,0.0
2020-10-03,Sussex Technical School District,,0.0,0.0,0.0,0.0
2020-10-10,Sussex Technical School District,,0.0,0.0,0.0,0.0
2020-10-17,Sussex Technical School District,,0.0,0.0,0.0,0.0
2020-10-24,Sussex Technical School District,,0.0,0.0,0.0,0.0
2020-10-31,Sussex Technical School District,,0.0,0.0,0.0,0.0
2020-11-07,Sussex Technical School District,,0.0,0.0,0.0,0.0
2020-11-14,Sussex Technical School District,,0.0,0.0,0.0,0.0
2020-11-21,Sussex Technical School District,,0.0,0.0,0.0,0.0
2020-11-28,Sussex Technical School District,,0.0,0.0,0.0,0.0
2020-12-05,Sussex Technical School District,,0.0,0.0,0.0,0.0
2020-12-12,Sussex Technical School District,,0.0,0.0,0.0,0.0
2020-12-19,Sussex Technical School District,,0.0,0.0,0.0,0.0
2020-12-26,Sussex Technical School District,,0.0,0.0,0.0,0.0
2021-01-02,Sussex Technical School District,50.0,0.0,0.0,0.0,0.0
2021-01-09,Sussex Technical School District,359.0,0.0,0.0,0.0,0.0
2021-01-16,Sussex Technical School District,254.0,0.0,0.0,0.0,0.0
2021-01-23,Sussex Technical School District,85.0,0.0,0.0,0.0,0.0
2021-01-30,Sussex Technical School District,605.0,0.0,0.0,0.0,0.0
2021-02-06,Sussex Technical School District,477.0,0.0,0.0,0.0,0.0
2021-02-13,Sussex Technical School District,468.0,0.0,0.0,0.0,0.0
2021-02-20,Sussex Technical School District,245.0,0.0,0.0,0.0,0.0
2021-02-27,Sussex Technical School District,0.0,0.0,0.0,0.0,0.0
2021-03-06,Sussex Technical School District,560.0,0.0,0.0,0.0,0.0
2021-03-13,Sussex Technical School District,560.0,0.0,1.0,0.0,1.0
2021-03-20,Sussex Technical School District,560.0,0.0,1.0,0.0,1.0
2021-03-27,Sussex Technical School District,,0.0,1.0,0.0,1.0
2021-04-03,Sussex Technical School District,0.0,0.0,1.0,0.0,1.0
2021-04-10,Sussex Technical School District,650,0.0,1.0,0.0,1.0
2020-08-29,Woodbridge School District,,0.0,17.0,0.0,21.0
2020-09-05,Woodbridge School District,,0.0,17.0,0.0,21.0
2020-09-12,Woodbridge School District,,0.0,17.0,0.0,21.0
2020-09-19,Woodbridge School District,,0.0,17.0,0.0,21.0
2020-09-26,Woodbridge School District,,0.0,17.0,0.0,21.0
2020-10-03,Woodbridge School District,,0.0,17.0,0.0,21.0
2020-10-10,Woodbridge School District,,0.0,17.0,0.0,21.0
2020-10-17,Woodbridge School District,,0.0,17.0,0.0,21.0
2020-10-24,Woodbridge School District,,0.0,17.0,0.0,21.0
2020-10-31,Woodbridge School District,,0.0,17.0,0.0,21.0
2020-11-07,Woodbridge School District,,0.0,17.0,0.0,21.0
2020-11-14,Woodbridge School District,,0.0,17.0,0.0,21.0
2020-11-21,Woodbridge School District,,0.0,17.0,0.0,21.0
2020-11-28,Woodbridge School District,,0.0,17.0,0.0,21.0
2020-12-05,Woodbridge School District,,0.0,17.0,0.0,21.0
2020-12-12,Woodbridge School District,,0.0,17.0,0.0,21.0
2020-12-19,Woodbridge School District,,0.0,17.0,0.0,21.0
2020-12-26,Woodbridge School District,,0.0,17.0,0.0,21.0
2021-01-02,Woodbridge School District,0.0,0.0,17.0,0.0,21.0
2021-01-09,Woodbridge School District,787.0,0.0,17.0,0.0,21.0
2021-01-16,Woodbridge School District,699.0,0.0,17.0,0.0,21.0
2021-01-23,Woodbridge School District,783.0,0.0,17.0,0.0,21.0
2021-01-30,Woodbridge School District,821.0,0.0,17.0,0.0,21.0
2021-02-06,Woodbridge School District,918.0,0.0,17.0,0.0,21.0
2021-02-13,Woodbridge School District,857.0,0.0,17.0,0.0,21.0
2021-02-20,Woodbridge School District,928.0,0.0,17.0,0.0,21.0
2021-02-27,Woodbridge School District,863.0,0.0,17.0,0.0,21.0
2021-03-06,Woodbridge School District,940.0,0.0,17.0,0.0,21.0
2021-03-13,Woodbridge School District,889.0,0.0,17.0,0.0,23.0
2021-03-20,Woodbridge School District,941.0,0.0,17.0,1.0,23.0
2021-03-27,Woodbridge School District,,0.0,17.0,0.0,23.0
2021-04-03,Woodbridge School District,0.0,0.0,17.0,0.0,23.0
2021-04-10,Woodbridge School District,935,0.0,17.0,1.0,24.0
